{
  "parent": "minecraft:item/generated",
  "textures": {
    "layer0": "minecraft:item/music_disc_wait"
  },
"overrides": [
  {"predicate": {"custom_model_data": 0}, "model": "minecraft:item/music_disc_wait"},
  {"predicate": {"custom_model_data": 1}, "model": "minecraft:item/quiver"},
  {"predicate": {"custom_model_data": 2}, "model": "minecraft:item/quiver_2"},
  {"predicate": {"custom_model_data": 3}, "model": "minecraft:item/multishot"},
  {"predicate": {"custom_model_data": 4}, "model": "minecraft:item/reload"},
  {"predicate": {"custom_model_data": 5}, "model": "minecraft:item/shop"},
  {"predicate": {"custom_model_data": 6}, "model": "minecraft:item/hart"},
  {"predicate": {"custom_model_data": 7}, "model": "minecraft:item/spia"},
  {"predicate": {"custom_model_data": 101}, "model": "minecraft:item/skin/villager_1"}
]
}