{
  "parent": "minecraft:item/handheld_rod",
  "textures": {
    "layer0": "minecraft:item/carrot_on_a_stick"
  },
  "overrides": [
    {"predicate": {"custom_model_data": 0}, "model": "minecraft:item/carrot_on_a_stick"},
    {"predicate": {"custom_model_data": 1}, "model": "minecraft:item/glowball"},
    {"predicate": {"custom_model_data": 2}, "model": "minecraft:item/heart_of_the_sea"},
    {"predicate": {"custom_model_data": 3}, "model": "minecraft:item/sensor"},
    {"predicate": {"custom_model_data": 4}, "model": "minecraft:item/waribiki"},
    {"predicate": {"custom_model_data": 5}, "model": "minecraft:item/close"},
    {"predicate": {"custom_model_data": 101}, "model": "minecraft:item/compass_19"}
  ]
}