{
	"credit": "Made with Blockbench",
	"textures": {
		"1": "block/blackstone_top",
		"3": "block/barrel_top_open",
		"4": "block/barrel_bottom",
		"5": "block/anvil",
		"particle": "block/light_gray_glazed_terracotta"
	},
	"elements": [
		{
			"from": [11, 4, 7],
			"to": [12, 16, 8],
			"faces": {
				"north": {"uv": [0, 0, 1, 12], "texture": "#5"},
				"east": {"uv": [0, 0, 1, 12], "texture": "#5"},
				"south": {"uv": [0, 0, 1, 12], "texture": "#5"},
				"west": {"uv": [0, 0, 1, 12], "texture": "#5"},
				"up": {"uv": [0, 0, 1, 1], "texture": "#5"},
				"down": {"uv": [0, 0, 1, 1], "texture": "#5"}
			}
		},
		{
			"from": [4, 14.9, 7],
			"to": [11, 16, 8],
			"faces": {
				"north": {"uv": [0, 0, 7, 1.1], "texture": "#5"},
				"east": {"uv": [0, 0, 1, 1.1], "texture": "#5"},
				"south": {"uv": [0, 0, 7, 1.1], "texture": "#5"},
				"west": {"uv": [0, 0, 1, 1.1], "texture": "#5"},
				"up": {"uv": [0, 0, 7, 1], "texture": "#5"},
				"down": {"uv": [0, 0, 7, 1], "texture": "#5"}
			}
		},
		{
			"from": [3, 4, 7],
			"to": [4, 16, 8],
			"faces": {
				"north": {"uv": [0, 0, 1, 12], "texture": "#5"},
				"east": {"uv": [0, 0, 1, 12], "texture": "#5"},
				"south": {"uv": [0, 0, 1, 12], "texture": "#5"},
				"west": {"uv": [0, 0, 1, 12], "texture": "#5"},
				"up": {"uv": [0, 0, 1, 1], "texture": "#5"},
				"down": {"uv": [0, 0, 1, 1], "texture": "#5"}
			}
		},
		{
			"from": [5.52297, 1.09099, 7.0005],
			"to": [11.88297, 2.09099, 8.0005],
			"rotation": {"angle": -45, "axis": "z", "origin": [7.77297, 5.59099, 7.5]},
			"faces": {
				"north": {"uv": [0, 0, 6.36, 1], "texture": "#5"},
				"east": {"uv": [0, 0, 1, 1], "texture": "#5"},
				"south": {"uv": [0, 0, 6.36, 1], "texture": "#5"},
				"west": {"uv": [0, 0, 1, 1], "texture": "#5"},
				"up": {"uv": [0, 0, 6.36, 1], "texture": "#5"},
				"down": {"uv": [0, 0, 6.36, 1], "texture": "#5"}
			}
		},
		{
			"from": [4.59124, 1.67678, 7.0002],
			"to": [10.89124, 2.47678, 8.0002],
			"rotation": {"angle": 45, "axis": "z", "origin": [8.64124, 4.17678, 7.5]},
			"faces": {
				"north": {"uv": [0, 0, 6.3, 0.8], "texture": "#5"},
				"east": {"uv": [0, 0, 1, 0.8], "texture": "#5"},
				"south": {"uv": [0, 0, 6.3, 0.8], "texture": "#5"},
				"west": {"uv": [0, 0, 1, 0.8], "texture": "#5"},
				"up": {"uv": [0, 0, 6.3, 1], "texture": "#5"},
				"down": {"uv": [0, 0, 6.3, 1], "texture": "#5"}
			}
		},
		{
			"from": [4, 4, 7],
			"to": [11, 14.9, 8],
			"faces": {
				"north": {"uv": [0, 0, 7, 10.9], "texture": "#1"},
				"east": {"uv": [0, 0, 1, 10.9], "texture": "#1"},
				"south": {"uv": [0, 0, 7, 10.9], "texture": "#1"},
				"west": {"uv": [0, 0, 1, 10.9], "texture": "#1"},
				"up": {"uv": [0, 0, 7, 1], "texture": "#1"},
				"down": {"uv": [0, 0, 7, 1], "texture": "#1"}
			}
		},
		{
			"from": [6.4, 7.6, 7.9],
			"to": [9.1, 10.5, 10.3],
			"faces": {
				"north": {"uv": [0, 0, 16, 16], "texture": "#4"},
				"east": {"uv": [0, 0, 16, 16], "texture": "#3"},
				"south": {"uv": [0, 0, 16, 16], "texture": "#4"},
				"west": {"uv": [0, 0, 16, 16], "texture": "#3"},
				"up": {"uv": [0, 0, 16, 16], "texture": "#4"},
				"down": {"uv": [0, 0, 16, 16], "texture": "#4"}
			}
		},
		{
			"from": [5.39124, 2.47678, 7.0008],
			"to": [10.89124, 6.67678, 8.0008],
			"rotation": {"angle": 45, "axis": "z", "origin": [8.64124, 4.17678, 7.5]},
			"faces": {
				"north": {"uv": [0, 0, 5.5, 4.2], "texture": "#1"},
				"east": {"uv": [0, 0, 1, 4.2], "texture": "#1"},
				"south": {"uv": [0, 0, 5.5, 4.2], "texture": "#1"},
				"west": {"uv": [0, 0, 1, 4.2], "texture": "#1"},
				"up": {"uv": [0, 0, 5.5, 1], "texture": "#1"},
				"down": {"uv": [0, 0, 5.5, 1], "texture": "#1"}
			}
		},
		{
			"from": [5.52297, 2.09099, 7.0005],
			"to": [11.08297, 6.09099, 8.0005],
			"rotation": {"angle": -45, "axis": "z", "origin": [7.77297, 5.59099, 7.5]},
			"faces": {
				"north": {"uv": [0, 0, 5.56, 4], "texture": "#1"},
				"east": {"uv": [0, 0, 1, 4], "texture": "#1"},
				"south": {"uv": [0, 0, 5.56, 4], "texture": "#1"},
				"west": {"uv": [0, 0, 1, 4], "texture": "#1"},
				"up": {"uv": [0, 0, 5.56, 1], "texture": "#1"},
				"down": {"uv": [0, 0, 5.56, 1], "texture": "#1"}
			}
		}
	],
	"gui_light": "front",
	"display": {
		"thirdperson_righthand": {
			"rotation": [45, 0, 0],
			"translation": [0, -1, -1.75],
			"scale": [1.5, 1.5, 1.5]
		},
		"firstperson_righthand": {
			"rotation": [0, 0, 11],
			"translation": [-1.5, 0.5, 4.75]
		},
		"firstperson_lefthand": {
			"rotation": [0, 0, 11],
			"translation": [-1.5, 0.5, 4.75]
		},
		"ground": {
			"rotation": [91, 0, 0],
			"translation": [0, -2.5, 0],
			"scale": [2, 2, 2]
		},
		"gui": {
			"rotation": [-18, 141, 36],
			"translation": [0, -0.5, 0]
		}
	},
	"groups": [
		{
			"name": "group",
			"origin": [8.64124, 4.17678, 7.5],
			"color": 0,
			"nbt": "{}",
			"armAnimationEnabled": false,
			"children": [0, 1, 2, 3, 4]
		},
		{
			"name": "group",
			"origin": [7.77297, 5.59099, 7.5],
			"color": 0,
			"nbt": "{}",
			"armAnimationEnabled": false,
			"children": [5, 6, 7, 8]
		}
	]
}