{
	"credit": "Made with Blockbench",
	"textures": {
		"0": "item/model_texture/money_paper",
		"1": "block/cut_sandstone",
		"2": "block/chiseled_quartz_block",
		"particle": "item/model_texture/money_paper"
	},
	"elements": [
		{
			"from": [0, 0, 4],
			"to": [16, 1.3, 12],
			"faces": {
				"north": {"uv": [0, 0, 3, 0.6], "texture": "#1"},
				"east": {"uv": [0, 0, 3, 0.6], "texture": "#1"},
				"south": {"uv": [0, 0, 3, 0.6], "texture": "#1"},
				"west": {"uv": [0, 0, 3, 0.6], "texture": "#1"},
				"up": {"uv": [0, 0, 16, 16], "texture": "#0"},
				"down": {"uv": [0, 0, 16, 16], "texture": "#0"}
			}
		},
		{
			"from": [7.4, -0.1, 3.9],
			"to": [8.5, 1.4, 12.1],
			"faces": {
				"north": {"uv": [2, 5, 3, 5.8], "texture": "#2"},
				"east": {"uv": [2, 5, 3, 5.8], "texture": "#2"},
				"south": {"uv": [2, 5, 3, 5.8], "texture": "#2"},
				"west": {"uv": [2, 5, 3, 5.8], "texture": "#2"},
				"up": {"uv": [2, 5, 3, 5.8], "texture": "#2"},
				"down": {"uv": [2, 5, 3, 5.8], "texture": "#2"}
			}
		}
	],
	"gui_light": "front",
	"display": {
		"thirdperson_righthand": {
			"translation": [0.25, 1.5, 0],
			"scale": [0.2, 0.2, 0.2]
		},
		"thirdperson_lefthand": {
			"translation": [0.25, 1.5, 0],
			"scale": [0.2, 0.2, 0.2]
		},
		"firstperson_righthand": {
			"translation": [0.25, 4, 0],
			"scale": [0.5, 0.5, 0.5]
		},
		"firstperson_lefthand": {
			"translation": [0.25, 4, 0],
			"scale": [0.5, 0.5, 0.5]
		},
		"ground": {
			"translation": [0.25, 5.5, 0],
			"scale": [0.95, 0.95, 0.95]
		},
		"gui": {
			"rotation": [57, -9, 10],
			"translation": [-1, 2, 0],
			"scale": [0.85, 0.85, 0.85]
		}
	}
}