{
	"credit": "Made with Blockbench",
	"textures": {
		"0": "block/dirt",
		"1": "block/sandstone",
		"2": "block/sandstone_top",
		"3": "block/red_sandstone_bottom",
		"particle": "block/dirt"
	},
	"elements": [
		{
			"from": [-14.8, 0, -14.8],
			"to": [30.3, 3.9, 31.5],
			"faces": {
				"north": {"uv": [0, 0, 16, 3.9], "texture": "#0"},
				"east": {"uv": [0, 0, 16, 3.9], "texture": "#0"},
				"south": {"uv": [0, 0, 16, 3.9], "texture": "#0"},
				"west": {"uv": [0, 0, 16, 3.9], "texture": "#0"},
				"up": {"uv": [0, 0, 16, 16], "texture": "#0"},
				"down": {"uv": [0, 0, 16, 16], "texture": "#0"}
			}
		},
		{
			"from": [-15.1, 0, -15.5],
			"to": [29.6, 1.8, 31.5],
			"faces": {
				"north": {"uv": [0, 0, 16, 1.8], "texture": "#0"},
				"east": {"uv": [0, 0, 16, 1.8], "texture": "#0"},
				"south": {"uv": [0, 0, 16, 1.8], "texture": "#0"},
				"west": {"uv": [0, 0, 16, 1.8], "texture": "#0"},
				"up": {"uv": [0, 0, 16, 16], "texture": "#0"},
				"down": {"uv": [0, 0, 16, 16], "texture": "#0"}
			}
		},
		{
			"from": [-16, 0, -16],
			"to": [32, 1, 32],
			"faces": {
				"north": {"uv": [0, 0, 16, 16], "texture": "#0"},
				"east": {"uv": [0, 0, 13.8, 2], "texture": "#0"},
				"south": {"uv": [0, 0, 16, 16], "texture": "#0"},
				"west": {"uv": [0, 0, 16, 1], "texture": "#0"},
				"up": {"uv": [0, 0, 16, 16], "texture": "#0"},
				"down": {"uv": [0, 0, 16, 16], "texture": "#0"}
			}
		},
		{
			"from": [-6.6, 2, -7.5],
			"to": [24.1, 32, 23.3],
			"faces": {
				"north": {"uv": [0, 0, 16, 16], "texture": "#1"},
				"east": {"uv": [0, 0, 16, 16], "texture": "#1"},
				"south": {"uv": [0, 0, 16, 16], "texture": "#1"},
				"west": {"uv": [0, 0, 16, 16], "texture": "#1"},
				"up": {"uv": [0, 0, 16, 16], "texture": "#2"},
				"down": {"uv": [0, 0, 16, 16], "texture": "#1"}
			}
		},
		{
			"from": [-9.6, 3, -4.5],
			"to": [27.1, 31, 20.3],
			"faces": {
				"north": {"uv": [0, 0, 16, 16], "texture": "#3"},
				"east": {"uv": [0, 0, 16, 16], "texture": "#3"},
				"south": {"uv": [0, 0, 16, 16], "texture": "#3"},
				"west": {"uv": [0, 0, 16, 16], "texture": "#3"},
				"up": {"uv": [0, 0, 16, 16], "texture": "#3"},
				"down": {"uv": [0, 0, 16, 16], "texture": "#3"}
			}
		},
		{
			"from": [-3.65, 3, -10.45],
			"to": [21.15, 31, 26.25],
			"rotation": {"angle": 0, "axis": "y", "origin": [8.75, 17, 7.9]},
			"faces": {
				"north": {"uv": [0, 0, 16, 16], "texture": "#3"},
				"east": {"uv": [0, 0, 16, 16], "texture": "#3"},
				"south": {"uv": [0, 0, 16, 16], "texture": "#3"},
				"west": {"uv": [0, 0, 16, 16], "texture": "#3"},
				"up": {"uv": [0, 0, 16, 16], "rotation": 90, "texture": "#3"},
				"down": {"uv": [0, 0, 16, 16], "rotation": 270, "texture": "#3"}
			}
		}
	],
	"display": {
		"head": {
			"scale": [4, 4, 4]
		}
	},
	"groups": [
		{
			"name": "base",
			"origin": [8, 8, 8],
			"color": 0,
			"nbt": "{}",
			"armAnimationEnabled": false,
			"children": [0, 1, 2]
		},
		{
			"name": "enemy_body",
			"origin": [8, 8, 8],
			"color": 0,
			"nbt": "{}",
			"armAnimationEnabled": false,
			"children": [3, 4, 5]
		}
	]
}