{
	"credit": "Made with Blockbench",
	"textures": {
		"1": "block/sandstone",
		"2": "block/sandstone_top",
		"3": "block/red_sandstone_bottom",
		"4": "block/nether_wart_block",
		"particle": "block/dirt"
	},
	"elements": [
		{
			"from": [-6.6, 2, -7.5],
			"to": [32, 32, 23.3],
			"faces": {
				"north": {"uv": [0, 0, 16, 16], "texture": "#1"},
				"east": {"uv": [0, 0, 16, 16], "texture": "#1"},
				"south": {"uv": [0, 0, 16, 16], "texture": "#1"},
				"west": {"uv": [0, 0, 16, 16], "texture": "#1"},
				"up": {"uv": [0, 0, 16, 16], "texture": "#2"},
				"down": {"uv": [0, 0, 16, 16], "texture": "#1"}
			}
		},
		{
			"from": [-13.4, 4, -5.5],
			"to": [32, 30, 21.3],
			"faces": {
				"north": {"uv": [0, 0, 16, 16], "texture": "#3"},
				"east": {"uv": [0, 0, 16, 16], "texture": "#3"},
				"south": {"uv": [0, 0, 16, 16], "texture": "#3"},
				"west": {"uv": [0, 0, 16, 16], "texture": "#4"},
				"up": {"uv": [0, 0, 16, 16], "texture": "#3"},
				"down": {"uv": [0, 0, 16, 16], "texture": "#3"}
			}
		}
	],
	"display": {
		"head": {
			"rotation": [0, 90, 0],
			"scale": [4, 4, 4]
		}
	},
	"groups": [
		{
			"name": "enemy_body",
			"origin": [8, 8, 8],
			"color": 0,
			"nbt": "{}",
			"armAnimationEnabled": false,
			"children": [0, 1]
		}
	]
}