{
    "providers": [
        {
            "type":"space",
            "advances":{
                " ":4,
                "\u500c": 0,
                "\u5001": 5,
                "\u5002": 10,
                "\u5003": 15,
                "\u5004": 20,
                "\u5005": 25,
                "\u5006": 30,
                "\u5007": 35,
                "\u5008": 40,
                "\u5009": 45,
                "\u5010": -10,
                "\u5011": -15,
                "\u5012": -20,
                "\u5013": -25,
                "\u5014": -30,
                "\u5015": -35,
                "\u5016": -40,
                "\u5017": -150

            }
        },
        {
            "type": "bitmap",
            "file": "minecraft:font/book/arrow.png",
            "ascent": 18,
            "height": 25,
            "chars": [
                "\uE001"
            ]
        },
        {
            "type": "bitmap",
            "file": "minecraft:font/book/quiver.png",
            "ascent": 18,
            "height": 25,
            "chars": [
                "\uE002"
            ]
        },
        {
            "type": "bitmap",
            "file": "minecraft:font/book/smoke.png",
            "ascent": 23,
            "height": 30,
            "chars": [
                "\uE003"
            ]
        },
        {
            "type": "bitmap",
            "file": "minecraft:font/book/glowball.png",
            "ascent": 18,
            "height": 25,
            "chars": [
                "\uE004"
            ]
        },
        {
            "type": "bitmap",
            "file": "minecraft:font/book/shield.png",
            "ascent": 18,
            "height": 25,
            "chars": [
                "\uE005"
            ]
        }
    ]
}